source,month,rows_before,rows_after,removed,pct_removed
yellow,2026-01,3724889,3500043,224846,6.0363
yellow,2026-02,3399866,3195862,204004,6.0004
yellow,2026-03,3952451,3744929,207522,5.2505
yellow,2026-04,3831240,3656937,174303,4.5495
yellow,2026-05,4090836,3893892,196944,4.8143
yellow,2026-06,3837248,3628383,208865,5.4431
green,2026-01,40272,37686,2586,6.4213
green,2026-02,37373,34772,2601,6.9596
green,2026-03,44208,41299,2909,6.5803
green,2026-04,44238,41236,3002,6.786
green,2026-05,44921,41955,2966,6.6027
green,2026-06,44163,41162,3001,6.7953
fhv,2026-01,1941722,291674,1650048,84.9786
fhv,2026-02,1948529,152554,1795975,92.1708
fhv,2026-03,2360690,334777,2025913,85.8187
fhv,2026-04,2125630,337682,1787948,84.1138
fhv,2026-05,2421419,348034,2073385,85.6269
fhv,2026-06,1892696,166678,1726018,91.1936
