hour,mae,count
0,3.6541036647675913,122013
1,2.552723232173856,81093
2,1.8650987527278389,54380
3,1.4874681894736341,37961
4,1.5110273449844613,31155
5,1.8797924267646844,34759
6,2.3967487585918237,65328
7,3.3941658469901554,120729
8,3.80146485257869,155655
9,3.627483090867274,166359
10,3.5377383677925063,171920
11,3.399768976148899,185897
12,3.6681732910220153,201129
13,3.7388159033203943,206916
14,4.368583591794235,229392
15,4.532594989499818,237107
16,4.082986132837819,223751
17,4.2682584296621515,246861
18,4.484041134794559,252934
19,4.977230609444906,222351
20,4.780283972005817,213970
21,5.072425055988106,232957
22,5.466877762002349,221670
23,5.201204001096814,177605
